id:ID(Keyword);name
20;saving the world
21;artificial intelligence
22;man versus machine
23;prophecy
24;self sacrifice
25;insurgence
26;messias
27;virtual reality
52;computer
53;future
54;underground world
55;hero
56;world religion
57;faith
58;kung fu
59;key
60;precognition
61;rave
62;computer virus
63;dream
64;dying and death
65;plato
66;mission
67;martial arts
70;flying
71;super computer
72;fight
73;killer robot
74;philosophy
75;rettung
76;subway
77;temple
78;machine town
79;truth
80;fortuneteller
81;sunlight
111;transporter
112;brothel
113;boxer
114;massage
115;stolen money
116;crime boss
117;dance contest
118;junkyard
119;kamikaze
120;ambiguous ending
121;briefcase
122;redemption
123;heirloom
124;pulp fiction
125;reference to al green
126;theft
147;19th century
148;clone
149;20th century
150;1850s
151;actor playing multiple roles
152;1930s
153;1970s
154;ensemble cast
155;actress playing multiple roles
156;year 2144
157;year 1931
158;year 1975
159;restaurant
160;violence
161;diner
162;gangster
163;coffee
164;torso cut in half
165;chainsaw
166;male sitting on a toilet
167;bondage
168;syringe
169;hit by a car
170;shop owner
171;silencer
172;homage
173;voyeurism
174;shouting
175;corruption
176;blockbuster
177;shootout
178;voyeur
179;nurse
180;silenced machine gun
181;brushing teeth
182;shot multiple times
183;murder by gunshot
184;famous line
185;toaster
186;muzzle
187;running for your life
188;knocked out with gun butt
189;deception
190;head blown off
191;telling a joke
192;forming a square in the air
193;tongue piercing
194;basement
195;bible quote
196;snorting cocaine
197;talking to one's self in a mirror
198;mullet
199;controversy
200;movie reference
201;n word
202;garden hose
203;father son relationship
204;held at gunpoint
205;zentai
206;implied cunnilingus
207;blonde
208;interruption
209;male rape
210;anal rape
211;machine gun
212;cult director
213;chopper
214;joke
215;blowing a kiss
216;hamburger
217;shot in the leg
218;actor director
219;pack of money
220;bar
221;on the run
222;person in car trunk
223;interlinked stories
224;drug dealer
225;man wearing a pony tail
226;actor director writer
227;rape
228;impersonating buddy holly
229;pot smoking
230;pawnshop
231;shot in the face
232;bullet hole
233;motorcycle
234;uniform
235;gay rape
236;panties
237;covered in blood
238;gay sex
239;strip club
240;armed robbery
241;loyalty
242;afro
243;two man army
244;los angeles california
245;lifting someone into the air
246;restroom
247;drug use
248;organized crime
249;problem solver
250;cult film
251;murder
252;torture
253;falling asleep
254;marijuana joint
255;shot in the head
256;rescue
257;machismo
258;male in shower
259;convertible
260;director cameo
261;gun held to head
262;foot massage
263;military dress uniform
264;bloody mouth
265;cocaine
266;off screen murder
267;wristwatch
268;number 666
269;gunshot wound
270;uzi
271;coming of age
272;blood stain
273;buddy
274;double cross
275;sprayed with water
276;blue panties
277;accidental shooting
278;bare feet
279;shot repeatedly
280;robbery
281;lingerie
282;multiple storyline
283;biblical passage
284;body piercing
285;car driving
286;shot to death
287;car crash
288;eeny meeny miny moe
289;phone booth
290;oral sex
291;mirror
292;cardiac injection
293;pump action shotgun
294;nipples visible through clothing
295;restaurant owner
296;extreme closeup
297;killed with a sword
298;shot in the forehead
299;neo noir
300;gore
301;code
302;flashback humor
303;girl in panties
304;freeze frame
305;milkshake
306;wrestler
307;sprite soda
308;f word
309;elevator
310;cleavage
311;white panties
312;drug
313;hit on the head
314;boxing
315;fool
316;interrogation
317;woman smoker
318;injection into the heart
319;fantasy sequence
320;directed by co star
321;fake blood
322;shot through a wall
323;impersonating a police officer
324;husband wife relationship
325;drug dealing
326;nonlinear timeline
327;corpse
328;watching tv
329;black suit clad killer
330;gold watch
331;assault
332;male nudity
333;no background score
334;telephone call
335;sex slave
336;shower
337;tuxedo
338;bound and gagged
339;impersonating mamie van doren
340;shot in the chest
341;hit in the face
342;joint
343;themed restaurant
344;drugs
345;claw hammer
346;black comedy
347;heroin
348;prologue
349;blood
350;flashback
351;pop tart
352;riding motorcycle
353;barefoot
354;adrenaline
355;chapterwise storytelling
356;anti hero
357;actress
358;singing
359;cult tv reference
360;moral ambiguity
361;tied to a chair
362;mexican standoff
363;two killers
364;intercom
365;drug snorting
366;taxi
367;impersonating marilyn monroe
368;near death experience
369;cocaine snorting
370;multiple time frames
371;blood on shirt
372;robber
373;blood spatter
374;upskirt
375;scantily clad female
376;piercing
377;talking while driving
378;multiple perspectives
379;homosexual rape
380;shot in the arm
381;rolling a joint
382;shot in the crotch
383;female bare feet
384;slot car racing
385;revenge
386;secret briefcase
387;celebrity impersonator
388;macguffin
389;male wearing an earring
390;apartment building
391;cup of coffee
392;humiliation
393;phonograph
394;caged human
395;nosebleed
396;two on a motorcycle
397;postmodern
398;reading book
399;number in character's name
400;secret code
401;bathroom
402;rapist
403;military officer
404;sexual reference
405;fixed fight
406;knocked out
407;vietnam veteran
408;mini dress
409;alarm
410;male with long hair
411;automatic weapon
412;trophy
413;katana
414;foot chase
415;wallet
416;katana sword
417;crime gone awry
418;racial slur
419;baseball bat
420;punched in the face
421;gold
422;blood on face
423;collision course
424;overdose
425;twist the dance
426;brutality
427;hitman
428;ball gag
429;chapter headings
430;drug addiction
431;gourmet
432;car accident
433;impersonating ed sullivan
434;slurping a drink with a straw
435;gun held to one's head
436;some scenes in black and white
437;cunnilingus
438;gun
439;drug overdose
440;head wound
441;killed with a gun
442;leather mask
443;bullet wound
444;african american
445;accidental killing
446;motel
447;abdomen slashed
448;watching the three stooges
449;finger gun
450;boyfriend girlfriend relationship
451;surrender
452;shotgun
453;zippo lighter
454;long take
455;divine intervention
467;1960s
468;1940s
469;1950s
470;police brutality
493;love at first sight
494;loss of father
511;blut
512;italo-american
513;cuba
514;praise
527;bounty hunter
528;refugee
529;1860s
530;gallows
531;army
552;chaos
553;gotham city
554;joker
555;sadism
556;crime fighter
557;superhero
558;vigilante
559;batman
560;based on comic
561;secret identity
562;tragic hero
563;super villain
581;burglar
582;mayor
583;hostage drama
584;time bomb
585;legend
586;cover up
587;villainess
588;terrorism
589;destruction
590;fictional city
591;cat burglar
592;statue
593;flood
594;hostage killed
595;woman kills man
596;football field
597;criminal underworld
612;concentration camp
613;factory
614;defense industry
629;jurors
630;court case
631;court
632;judge
633;class
634;group
635;sultriness
636;heat
637;innocence
638;death penalty
639;father murder
640;puertorican
670;elves
671;orcs
672;middle-earth (tolkien)
673;suspicion
674;bravery
675;honor
676;crushed to death
677;robe
678;troll
679;sword and sorcery
680;ghosts
691;bare knuckle boxing
692;support group
693;dual identity
694;nihilism
695;support
696;rage and hate
697;insomnia
701;dwarves
702;hobbits
703;mountains
704;mirrow
705;fireworks
706;castle
707;volcano
708;password
709;death of a friend
729;space colony
730;rebellion
731;rebel
732;space opera
733;asteroid
734;jedi
735;snow storm
736;spaceship
747;loss of lover
748;sleep
749;defense mechanism
765;individual
766;psychater
767;self-destruction
768;wheelchair
769;lunatic asylum
794;seventies
795;irish-american
796;drug traffic
799;explosive
800;fort
801;attack
802;guide
803;wizards
804;cave
816;galaxy
817;hermit
818;death star
819;lightsaber
820;empire
821;jedi knight
822;fourth part
823;planet
824;smuggler
825;the force
826;droid
827;tractor beam
828;stormtrooper
829;totalitarianism
830;love
831;bus stop
832;running
833;bus
834;simple man
835;fishing
836;jumping into water
837;cornfield
838;stock footage
839;new york city
840;single mother
841;friendship
842;loss of mother
843;battle
844;girl with glasses
845;telling someone to shut up
846;u.s. president
847;character appears on a tv talk show
848;son
849;church
850;serendipity
851;assassination of president
852;prayer
853;handicap
854;chocolate
855;calling someone an idiot
856;leg brace
857;fainting
858;climbing a tree
859;medal of honor
860;swimming
861;splatter
862;feather
863;television news
864;kindness
865;nike
866;disabled veteran
867;grave
868;male hits a female
869;interracial friendship
870;washington d.c.
871;slow motion
872;man hits a woman
873;man with glasses
874;hippie
875;character appears on magazine cover
876;doctor
877;telling someone to run
878;balcony
879;mentally impaired
880;father
881;mother
882;attempted suicide
883;diving into water
884;bully
885;legless man
886;told in flashback
887;racism
888;drug addict
889;character repeats narrator's words
890;fictional biography
891;two word title
892;park bench
893;vietnam war veteran
894;journey
895;assembling a rifle
896;war hero
897;face slap
898;loss of friend
899;woman with glasses
900;loss of virginity
901;maid
902;amputee
903;death of friend
904;based on book
905;based on novel
906;title spoken by character
908;mafia
909;wedding
910;lawyer
911;patriarch
912;character repeating someone else's dialogue
913;bronx new york city
914;smashing a camera
915;horse killed
916;melancholy
917;father daughter relationship
918;paparazzi
919;beating
920;garrotting
921;corrupt lawyer
922;motion picture executive
923;professional hit
924;symbolism
925;famous score
926;strangulation
927;vengeance
928;open hydrant
929;heart attack
930;italian american
931;exploding car
932;revolving door
933;pistol
934;knife in hand
935;hotel
936;nudity
937;marriage
938;police corruption
939;tommy gun
940;mansion
941;sicily italy
942;police
943;film producer
944;gambling syndicate
945;betrayal
946;female underage nudity
947;world war two veteran
948;assassin
949;murder of son
950;thompson gun
951;domestic violence
952;shot in the eye
953;crime family
954;brother brother relationship
955;character depth
956;undertaker
957;mercilessness
958;shooting
959;ethnic slur
960;cop killer
961;italy
962;urination
963;attorney
964;cosa nostra
965;broken rule
966;female nudity
967;shot in the back
968;dartmouth college
969;husband hits wife
970;baptism
971;cat
972;subtitled scene
973;funeral
974;marital abuse
975;las vegas nevada
976;severed head
977;teacher
978;movie theater
979;vegetable garden
980;police officer shot in the neck
981;ambush
982;italian food
983;dysfunctional family
984;falling down stairs
985;horse
986;car bomb
987;police officer shot
988;elderly man
989;part of trilogy
990;gang war
991;el train
992;picture in newspaper
993;convicted felon
994;casino
995;assassination
996;first of series
997;mob summit
998;mob hit
999;cemetery
1000;village
1001;knife
1002;brother sister relationship
1003;catholic church
1004;double murder
1005;loss of son
1006;bare breasts
1007;severed horse's head
1008;criminal
1009;adopted son
1010;christmas
1011;death
1012;police officer killed
1013;police officer shot in the head
1014;tough guy
1015;hospital
1016;stable
1017;no opening credits
1018;manhattan new york city
1019;tollbooth
1020;extramarital affair
1021;radio city music hall manhattan new york city
1022;courtship
1023;film set
1024;catholic
1025;breasts
1026;widower
1027;death of wife
1028;bathtub
1029;loss of wife
1030;italian american cop
1031;garrote
1032;stabbed in the hand
1033;shot through the eye
1034;paraplegic
1035;fbi
1036;broken jaw
1037;movie studio
1038;corrupt cop
1039;epic
1040;assassination attempt
1041;loss of husband
1042;mob boss
1043;ex soldier
1044;family relationships
1045;corleone italy
1046;pregnant woman beaten
1047;singer
1048;sibling rivalry
1049;wedding reception
1050;magnus opus
1051;protective male
1052;mob violence
1053;war veteran
1054;traitor
1055;crooked cop
1056;character appears in newspaper
1057;power
1058;beaten with a belt
1059;orange peel
1060;revolver
1061;fugitive
1062;gang warfare
1063;rise to power
1064;fish
1065;death of title character
1066;shot in the throat
1067;ex convict
1068;telephone box
1069;statue of liberty new york city
1070;invalid
1071;protection racket
1078;teenage daughter
1079;sexy woman
1080;desperation
1081;car chase
1082;central intelligence agency
1083;bicycle
1084;femme fatale
1085;paris france
1086;dance lesson
1087;american abroad
1088;cia agent
1089;terminal illness
1090;father daughter dance
1091;singing in a car
1092;terminal cancer
1093;prom
1109;number in title
1110;second part
1111;based on comic book
1112;imax
1113;based on graphic novel
1114;3 dimensional
1115;prequel
1116;digit in title
1117;dark horse comics
1135;fbi agent
1136;new jersey
1137;con artist
1138;lesbian kiss
1139;telephone conversation
1140;umbrella
1141;painting
1142;luxury hotel
1143;reference to cosmopolitan magazine
1144;cheating husband
1145;hand on thigh
1146;u.s. congressman
1147;reference to richard nixon
1148;fire
1149;drunk wife
1150;long island new york
1151;angry woman
1152;wife meets mistress
1153;lens flare
1154;critically acclaimed
1155;vinyl record
1156;teasing
1157;adultery
1158;burlesque dancer
1159;execution
1160;box office hit
1161;pool party
1162;hair curlers
1163;entrapment
1164;microwave
1165;museum
1166;mobster
1167;mother son relationship
1168;stripper
1169;butt slap
1170;double identity
1171;adulterous husband
1172;burlesque theater
1173;arabic
1174;disguise
1175;fake british accent
1176;smoking
1177;scene before opening credits
1178;scheme
1179;reference to duke ellington
1180;lost friend
1181;manipulation
1182;unexpected kiss
1183;sitting on a toilet
1184;u.s. senator
1185;toilet stall
1186;english accent
1187;turning against friends
1188;breaking a window
1189;fraud
1190;rainy day
1191;expensive gift
1192;politician
1193;private jet
1194;video surveillance
1195;bilingualism
1196;forgery
1197;dry cleaners
1198;camden new jersey
1199;fake accent
1200;wire fraud
1201;fbi chief
1202;divorce
1203;drunk woman
1204;bribery
1205;side boob
1206;wives and girlfriends
1207;italian mafia
1208;female sitting on a toilet
1209;true identity revealed
1210;fbi investigation
1211;year 1978
1212;narrated by character
1213;young version of character
1214;reference to meyer lansky
1215;hotel suite
1216;sting operation
1217;new identity
1218;briefcase full of money
1219;public toilet
1220;blue balls
1221;reference to jimmy carter
1222;betrayal of husband
1223;phony english accent
1224;nightclub
1225;toilet
1226;bare chested male
1227;wire transfer
1228;bag over head
1229;women kissing
1230;scam
1231;written by director
1232;false identity
1233;nail polish
1234;atlantic city new jersey
1235;slow motion scene
1236;arrest
1237;women's toilet
1238;party
1239;character says i love you
1240;police investigation
1259;aftercreditsstinger
1260;queen
1261;princess
1262;snowman
1263;snow
1264;curse
1265;mountain climber
1266;mountain
1267;reindeer
1268;magic
1269;ice
1270;bechdel test passed
1271;clumsy girl
1272;villain arrested
1273;despair
1274;person in ice
1275;sister love
1276;treason
1277;scene after end credits
1278;cold
1279;based on fairy tale
1280;cheating death
1281;one word title
1282;girl
1283;orphan
1284;sacrifice
1285;deceiver
1286;falsely accused
1287;infatuation
1288;hopeless romantic
1289;disney animated feature
1290;surprise after end credits
1291;cliff
1292;isolation
1300;space
1301;trapped in space
1302;space mission
1303;oxygen
1304;medical engineer
1305;satellite
1306;astronaut
1307;adrift in space
1308;space station
1309;survival
1310;disaster
1311;spacewalk
1312;space shuttle
1313;race against time
1314;nasa
1315;alone against the odds
1316;hyperventilation
1317;fire extinguisher
1318;subjective camera
1319;houston texas
1320;hallucination
1321;space debris
1322;marooned
1323;panic
1324;outer space
1325;soliloquy
1326;woman with tragic history
1327;dream sequence
1328;weightlessness
1329;lack of oxygen
1330;hole in the head
1331;lack of gravity
1332;tension
1333;sole survivor
1334;minimal cast
1335;title at the end
1336;metaphor
1337;zero gravity
1338;parachute
1339;technology
1340;wrench
1341;underwater scene
1342;can opener
1343;earth viewed from space
1344;reference to marvin the martian
1345;kessler syndrome
1346;fear
1347;character's point of view camera shot
1348;one day
1349;death of daughter
1350;radio
1351;spinning through space
1352;spacesuit
1353;film starts with text
1354;frog
1355;bolt
1383;lego
1384;superman
1385;toys
1386;altered version of studio logo
1387;office building
1388;wizard
1389;dc comics
1390;dual personality
1391;chase
1392;ghost
1393;based on toy
1394;no title at beginning
1395;hobby
1396;teenage mutant ninja turtles
1397;twist at the end
1398;couch
1399;blind man
1400;evil businessman
1401;robot
1402;glue
1403;good cop bad cop
1404;cowboy
1405;saloon
1406;cyborg
1407;parallel worlds
1408;pirate ship
1409;pirate
1410;construction worker
1411;pig
1424;robocop
1425;sci fi movie remake
1426;drone
1427;rice field
1428;abandoned factory
1429;warehouse
1430;computer chip
1431;lasersight
1432;pentagon
1433;car motorcycle chase
1434;police chief
1435;detective
1436;reboot of series
1437;back from the dead
1438;taser
1439;investigation
1440;robot suit
1441;training
1442;social commentary
1443;explosion
1444;surveillance
1445;electrocution
1446;seizure
1447;burn victim
1448;gunfight
1449;china
1450;hand grenade
1451;futuristic
1452;virtuality
1453;helicopter
1454;action hero
1455;stylized violence
1456;shaky cam
1457;washington monument
1458;hostage
1459;maverick cop
1460;attempted murder
1461;one man army
1462;escape
1463;exposed brain
1464;police detective
1465;gun fu
1466;senator
1467;combat
1468;idealism
1469;hologram
1470;high tech
1471;press conference
1472;tough cop
1473;filmed killing
1474;urban setting
1475;rooftop
1476;general
1477;parking garage
1478;arms dealer
1479;armory
1480;islamic terrorism
1481;dark hero
1482;android
1483;tehran iran
1484;meth lab
1485;resurrection
1486;jumping from height
1487;ak 47
1488;exploding body
1489;security camera
1490;disobeying orders
1491;mind control
1492;moral dilemma
1493;mercenary
1494;female cop
1495;laboratory
1496;warrior
1497;child in peril
1498;giant robot
1499;night vision goggles
1500;brain surgery
1501;motorcycle cop
1502;falling from height
1503;ceo
1504;heavy rain
1505;scientist
1506;war on terrorism
1507;super speed
1508;cyberpunk
1509;megacorporation
1510;detroit michigan
1511;law enforcement
1512;newspaper headline
1513;remake of american film
1514;news reporter
1515;ethics
1516;metal arm
1517;partner
1518;assault rifle
1519;guitar
1520;science
1521;undercover cop
1522;american flag
1523;tracking device
1524;politics
1525;hidden gun
1526;x rayed skeleton
1527;suburbia
1528;dual wield
1529;near future
1530;grenade launcher
1531;police vigilantism
1532;suicide bomber
1533;presumed dead
1534;media coverage
1535;armored car
1536;2020s
1537;police station
1538;undercover
1539;bleeped dialogue
1540;bullet time
1541;swat team
1542;remake
1543;white house
1544;jumping through a window
1545;cameraman
1546;tv personality
1547;news report
1548;cell phone
1549;fight the system
1561;operating system
1562;writer
1563;best friend
1564;playing video game
1565;lonely man
1566;ex husband ex wife relationship
1567;actress shares first name with character
1568;produced by director
1569;pronoun in title
1570;jealousy
1571;smoke rising from manhole
1572;woman in lingerie
1573;phone sex
1574;beach
1575;flashback sequence
1576;falling down
1577;sparkler
1578;relationship problems
1579;profanity
1580;romance with artificial intelligence
1581;manhole
1582;mustache
1583;computer tablet
1584;signing divorce papers
1585;surrogate
1586;break up
1587;video game
1588;train ride
1589;writing a letter
1590;blind date
1591;love letter
1592;loneliness
1593;los angeles skyline
1594;awkwardness
1595;masturbation
1607;hiv
1608;aids
1609;biopic
1610;fda
1611;electrician
1612;trial
1613;clinical trial
1614;hiv positive
1615;gay
1616;rodeo
1617;treatment
1618;gay community
1619;transvestite
1620;mexico
1621;pharmaceuticals
1622;dying man
1623;redneck
1624;vitamin
1625;research
1626;texas
1627;aids test
1628;emaciation
1629;thinness
1630;male underwear
1631;weight loss
1632;courthouse
1633;alternative medicine
1634;drip
1635;customs officer
1636;glasses
1637;transgender
1638;reference to ronald reagan
1639;cowboy hat
1640;prognosis
1641;gay acceptance
1642;drug prescription
1643;horse riding
1644;gay innuendo
1645;year 1986
1646;police officer
1647;gay friend
1648;briefs
1649;homophobia
1650;fatal disease
1651;drug trial
1652;trailer
1653;transphobia
1654;gay taunting
1655;japan
1656;threesome
1657;year 1985
1658;reference to marc bolan
1659;reference to boy george
1660;texan
1661;gay couple
1662;man crying
1663;airplane
1664;gay interest
1665;hiv aids
1666;gay character
1667;illness
1668;drag queen
1669;crying man
1670;dallas texas
1671;1980s
1672;fake priest
1673;library
1674;male rear nudity
1675;occupational injury
1676;aids activism
1677;city name in title
1678;border crossing
1679;mortality
1680;hospital gown
1681;gay slur
1682;u.s. mexican border
1683;gay black man
1684;coughing up blood
1685;activist
1686;what happened to epilogue
1687;hiv test
1688;pharmaceutical industry
1689;gay bar
1690;amsterdam netherlands
1691;gay son
1692;doctor patient relationship
1707;sold into slavery
1708;new york
1709;slavery
1710;slave
1711;abolitionist
1712;physical abuse
1713;slave owner
1714;rochester new york
1715;cotton field
1716;interracial marriage
1717;slave trade
1718;fiddle
1719;infidelity
1720;unfaithful husband
1721;crying woman
1722;forced to strip
1723;male frontal nudity
1724;year in title
1725;cotton
1726;whip
1727;kidnapping
1728;kidnapped man
1729;hanging
1730;whipping
1731;interracial romance
1732;male full frontal nudity
1733;slave labor
1734;plantation
1735;sweat
1736;jealous wife
1737;master slave relationship
1738;sex scene
1739;social injustice
1740;sexual abuse
1741;grief
1742;woman crying
1743;hairy chest
1744;1840s
1745;escape from slavery
1746;slave ship
1747;interracial rape
1748;louisiana
1749;chains
1750;undressing
1751;film starts with sex
1769;president
1770;thief
1771;radiation
1772;secretary of defense
1773;grenade
1774;year 2159
1775;healing
1776;billionaire
1777;body armor
1778;illegal immigrant
1779;one percenter
1780;allegory
1781;brawl
1782;interracial relationship
1783;22nd century
1784;nun
1785;spacecraft
1786;corrupt official
1787;machete
1788;gun battle
1789;christ allegory
1790;title appears in writing
1791;lifting person in air
1792;place name in title
1793;death of protagonist
1794;looking at self in mirror
1795;flash drive
1796;implanted memory
1797;sick child
1798;coup
1799;class conflict
1800;home invasion
1801;south african
1802;2150s
1803;stabbed in the stomach
1804;deportation
1805;stabbed in the chest
1806;man punching a woman
1807;bodyguard
1808;overpopulation
1809;advanced technology
1810;dystopia
1811;exploding ship
1812;employer employee relationship
1813;radiation poisoning
1814;regeneration
1815;child murder
1816;surgery
1817;stabbed in the neck
1818;orphanage
1819;exploding head
1820;fist fight
1821;stabbed with glass
1822;swimming pool
1823;main character dies
1824;face blown off
1825;death of hero
1826;tattoo
1827;slum
1828;impalement
1829;parole officer
1830;forcefield
1831;class differences
1832;ecological disaster
1833;secret agent
1834;stabbed to death
1835;2100s
1836;crash landing
1837;power armor
1838;vomit
1839;sword
1840;devastated landscape
1841;sociopath
1842;unlikely hero
1843;breaking a mirror
1844;broken arm
1845;dark future
1846;spaceship crash
1847;leukemia
1848;brain machine interface
1849;heist
1850;mother daughter relationship
1851;computer hacker
1852;head ripped off
1853;man kills woman
1854;little girl
1855;death of child
1875;forest
1876;teenager
1877;quest
1878;slug
1879;dog
1880;talking animal
1881;helmet
1882;bow and arrow
1883;parchment
1884;miniature person
1885;giant
1886;parkour
1887;moon light
1888;sole black character dies cliche
1889;redhead
1890;deer
1891;ipod
1892;death of queen
1893;armor
1894;sword fight
1895;teenage girl
1896;video camera
1897;jump
1898;female protagonist
1899;tree
1900;duel
1901;swordsman
1902;saddle
1903;fictional war
1904;bud
1905;insect
1906;shot with an arrow
1907;hand to hand combat
1908;flying bat
1909;fantasy world
1910;surveillance camera
1911;moon
1912;surprise attack
1913;decay
1914;love interest
1915;mouse
1916;final battle
1917;mild violence
1918;plant
1919;sword and fantasy
1920;bat
1921;kiss
1922;bird
1923;pun
1924;siege
1925;little people
1926;riding a bird
1927;good versus evil
1928;full moon
1929;moonlight
1930;shrinking
1931;showdown
1932;samurai sword
1933;woman shot
1934;staff
1945;caveman
1946;prehistory
1947;tar
1948;dinosaur
1949;fall from height
1950;neophobia
1951;egg thief
1952;boy meets girl
1953;puppet
1954;smoke
1955;strict father
1956;death of neighbor
1957;monkey
1958;wreckage
1959;dreamworks animated film
1960;curiosity
1961;lava
1962;girl meets guy
1963;overprotective father
1964;handprint
1965;corn
1966;burned
1967;cave painting
1968;earthquake
1969;purring cat
1970;torch
1971;teenage girl in fur
1972;skeleton
1973;captive
1974;sun
1975;hunting
1976;tradition versus modernity
1977;scenic beauty
1978;complaining
1979;volcanic eruption
1980;egg
1981;hand over mouth
1982;crevice
1983;popcorn
1984;carnivorous plant
1985;homeless
1986;stuck in tar
1987;grandmother
1988;flower
1989;shell
1990;conch horn
1991;prehistoric man
1992;idea
1993;teen rebel
1994;horn
1995;firework
1996;starfish
1997;tiger
1998;counting
1999;animal costume
2000;nyctophobia
2001;story telling
2002;shoe
2003;sloth
2004;rock climbing
2005;labyrinth
2006;whale
2007;boy girl relationship
2023;time travel
2024;time machine
2025;past
2026;inventor
2027;trojan horse
2028;dancing
2029;albert einstein
2030;adoption
2031;tutankhamun
2032;time travelling machine
2033;decapitation
2034;mona lisa
2035;talking dog
2036;troy
2037;black hole
2038;space time continuum
2039;ancient troy
2040;loss of power
2041;hypnosis
2042;guillotine
2043;historical event
2044;french revolution
2045;gluttony
2046;ancient egypt
2047;pharaoh
2048;marie antoinette
2049;egypt
2050;leonardo da vinci
2051;school
2052;boyfriend
2053;cake
2054;playing music
2077;shield
2078;tesseract
2079;thor
2080;captain america
2081;captain
2082;iron man
2083;soldier
2084;super soldier
2085;alien invasion
2086;thunder
2087;monster
2088;alien
2089;fictional government agency
2090;evil sorcerer
2091;super strength
2092;marvel comic
2093;hammer
2094;grand central station manhattan new york city
2095;shot with a bow and arrow
2096;reference to stephen hawking
2097;head butt
2098;nuclear explosion
2099;human alien
2100;thrown through a wall
2101;severed arm
2102;exploding truck
2103;alien race
2104;laser gun
2105;crashing through a window
2106;prisoner
2107;rivalry
2108;fighting brothers
2109;female agent
2110;rescue mission
2111;spear
2112;transformation
2113;invisibility
2114;masked man
2115;bank
2116;street shootout
2117;little black dress
2118;space travel
2119;mask
2120;plane crash
2121;mothership
2122;philanthropist
2123;sorcerer
2124;rocket launcher
2125;aircraft carrier
2126;group name in title
2127;beaten to death
2128;body landing on a car
2129;battleship
2130;black eye patch
2131;female assassin
2132;spy
2133;fistfight
2134;secret government organization
2135;sabotage
2136;action heroine
2137;disaster in new york
2138;knife fight
2139;costumed hero
2140;walkie talkie
2141;nuclear missile
2142;jumping from an airplane
2143;scene during end credits
2144;gymnasium
2145;one eyed man
2146;exploding bus
2147;marvel comics
2148;ejector seat
2149;title appears in text
2150;eye patch
2151;russian
2152;invisibility cloak
2153;female warrior
2154;camera focus on female butt
2155;fighter jet
2156;beam of energy
2157;national guard
2158;alien attack
2159;scepter
2160;strong female character
2161;marvel entertainment
2162;cnn reporter
2163;punching bag
2164;returning character killed off
2165;fighter pilot
2166;humanity in peril
2167;hitting a woman
2168;portal
2169;exploding plane
2170;tough girl
2171;hit with a chair
2172;jumping from a plane without a parachute
2173;masked hero
2174;rocket
2175;cameo
2176;head mounted display
2177;shapeshifting
2178;government agent
2179;immortal
2180;wormhole
2181;supernatural power
2182;warrior race
2183;eye scanning
2184;eye gouging
2185;exploding building
2186;superheroine
2187;costume
2188;german
2189;marvel cinematic universe
2190;hit with a hammer
2191;world domination
2192;gatling gun
2193;bell 206 jet ranger helicopter
2194;tied up while barefoot
2195;archer
2196;banquet
2197;reference to god
2198;fish out of water
2199;nuclear threat
2200;stabbed in the back
2201;bomb
2202;hydra
2203;stuttgart germany
2204;teleportation
2205;mixed martial arts
2206;tied feet
2207;adopted brother
2208;kolkata india
2209;handcuffed
2210;missile
2211;laser
2212;power suit
2213;fighting in the air
2214;surprise during end credits
2215;orchestra
2216;chrysler building manhattan new york city
2217;genius
2218;cube
2219;crushed by a car
2220;helicopter crash
2221;returning character with different actor
2222;thrown through a window
2223;superhero team
2224;shape shifting alien
2225;sequel
2226;brooklyn bridge
2227;2010s
2228;lightning
2229;battlefield
2230;electromagnetic pulse
2231;kneeling
2247;witch
2248;hansel and gretel
2249;woods
2250;witch hunter
2251;witchcraft
2252;sheriff
2253;abduction
2254;coven
2255;axe
2256;white witch
2257;ruse
2258;walking in the dark
2259;head held under water
2260;burned alive
2261;crushed head
2262;tavern
2263;reward
2264;ritual
2265;man kicking a woman
2266;steampunk
2267;anti heroine
2268;censored rape scene
2269;scrapbook
2270;dragged along the ground
2271;self inflicted gunshot wound
2272;thrown from a cliff
2273;diabetes
2274;semiautomatic crossbow
2275;reflection in water
2276;ally
2277;injection
2278;gothic
2279;lost in the woods
2280;old dark house
2281;fan of a celebrity
2282;person on fire
2283;hit with a shovel
2284;trap
2285;pumpkin
2286;diabetic
2287;small town
2288;human sacrifice
2289;slow motion action scene
2290;skinny dipping
2291;burned at the stake
2292;porridge
2293;diabetic hero
2294;immolation
2295;woman stabbed
2296;rifle
2297;stabbed in the head
2298;lair
2299;witch burning
2300;ampersand in title
2301;superhuman strength
2302;air battle
2303;wisecrack humor
2304;spontaneous combustion
2305;potion
2306;immunity
2307;augsburg germany
2308;sunrise
2309;leather pants
2310;stun gun
2311;punched in the stomach
2312;bonfire
2313;lesson learned
2314;cabin in the woods
2315;desert
2316;hero kills a woman
2317;female rear nudity
2318;falling from a tree
2319;body torn apart
2320;black blood
2321;severed foot
2322;five word title
2323;waterfall
2324;catfight
2325;tracker
2326;shot in the shoulder
2327;woman kills woman
2328;critically bashed
2329;fireball
2330;cut into pieces
2331;hanged man
2332;lantern
2333;woman undressing
2334;hung upside down
2335;parents executed
2336;accused of witchcraft
2337;house fire
2338;hanging upside down
2339;broomstick
2340;suspended by one leg
2341;comic relief
2342;woman punching a man
2343;deputy
2344;head crushed
2345;dungeon
2346;surrealism
2347;witch hunt
2348;missing person poster
2349;forced suicide
2350;stabbed in the leg
2351;spell
2352;kid outsmarts adult
2353;burned to death
2354;invulnerability
2355;blood splatter
2356;oven
2357;farmer
2358;dead woman with eyes open
2359;black magic
2360;falling in love
2361;photograph
2362;grindhouse
2363;voice over narration
2364;punctuation in title
2365;broken nose
2366;brass knuckles
2367;hanged by the neck
2368;double crossbow
2369;insulin
2370;female killer
2371;supernatural
2372;fractured fairy tale
2373;ritual sacrifice
2374;colon in title
2375;picture of a missing child on a bottle of milk
2376;milk delivery
2377;eating a bug
2378;evil witch
2379;topless female nudity
2380;sniper
2381;dismemberment
2382;multi barreled pistol
2383;fight to the death
2384;stabbed in the arm
2385;gingerbread house
2386;wanted poster
2387;double barreled shotgun
2388;exploding house
2389;dark fantasy
2390;sniper rifle
2391;crossbow
2392;sawed off shotgun
2393;defibrillation
2394;lynching
2395;attempted rape
2396;haunted by the past
2397;minion
2413;walled city
2414;environmental
2415;money falling through the air
2416;tree cutting
2417;deforestation
2418;industry
2419;computer animation
2420;based on children's book
2421;urban sprawl
2445;dragon
2446;the huns
2447;luck
2448;matchmaker
2449;cricket
2450;public humiliation
2451;ancient china
2452;letter
2453;bo staff
2454;nose picking
2455;opening action scene
2456;northern wei dynasty
2457;female soldier
2458;gender disguise
2459;disney
2460;flaming arrow
2461;panda
2462;friend
2463;disarming someone
2464;sexism
2465;fire breathing dragon
2466;woman dressed as a man
2467;campfire
2468;beacon
2469;boot camp
2470;army life
2471;cartoon violence
2472;impersonating a soldier
2473;great wall of china
2474;two thousand year old poem
2475;wuxia fiction
2476;impersonation
2477;5th century
2478;war wound
2479;folklore
2480;archery
2481;kowtow
2482;cross dressing
2483;family dinner
2484;based on poem
2485;4th century
2486;bathing
2487;heroine
2488;6th century
2489;emperor
2490;war violence
2491;advisor
2492;secretly in love
2493;female fighter
2494;avalanche
2495;girl disguised as boy
2496;villain
2497;based on true story
2511;king
2512;demon
2513;sin
2514;danish
2515;creature
2516;promise
2517;denmark
2518;weakness
2519;thane
2520;kingdom
2521;christianity
2522;celebration
2523;candlestick
2524;human fallibility
2525;burnt face
2526;stabbed in the shoulder
2527;memory
2528;throat slitting
2529;actor plays multiple roles
2530;sadness
2531;custom
2532;stabbed in chest
2533;burning city
2534;feast
2535;sailing ship
2536;illegitimate son
2537;origin of hero
2538;slaughter
2539;death by fire
2540;falling off a cliff
2541;deformity
2542;mermaid
2543;reenactment
2544;expressionism
2545;swimming competition
2546;rite
2547;battle axe
2548;courage
2549;heart ripped out
2550;nude fight
2551;arm ripped off
2552;coronation
2553;sea
2554;leadership
2555;trampled to death
2556;wench
2557;disfigurement
2558;noble man
2559;hospitality
2560;loincloth
2561;burning building
2562;treasure chest
2563;rafter
2564;inheritance
2565;burning church
2566;claw
2567;severed leg
2568;female frontal nudity
2569;obsession
2570;sliced in two
2571;bridge
2572;necrophilia
2573;storm
2574;stabbed in the throat
2575;treasure
2576;cgi animation
2577;test of character
2578;death by sword
2579;ship
2580;animal attack
2581;crown
2582;rat
2583;drinking
2584;conquest
2585;burial
2586;drunkenness
2587;motion capture
2588;stabbing
2589;eaten alive
2590;stabbed in the eye
2591;sex
2592;hate
2593;fortress
2594;stabbed in the side
2595;martyr
2596;monster's den
2597;axe in the head
2598;monster child
2599;raider
2600;dagger
2601;seacoast
2602;suicide
2603;ancient sword
2604;dragon rider
2605;saga
2606;funeral rite
2607;burned body
2608;old english
2609;desecration
2610;golden horn
2611;bare back
2612;childlessness
2613;retelling
2614;beast's heart
2615;drinking house
2616;swamp
2617;cannibalism
2618;heir
2619;avarice
2620;fleet
2621;dwarf
2622;split in two
2623;apology
2624;frisian history
2625;shame
2626;ocean
2627;spear through chest
2628;servant
2629;heart
2630;seduction
2631;priest
2632;disembowelment
2633;massacre
2634;funeral pyre
2635;ragnarok
2636;hero worship
2637;bleeding to death
2638;mistress
2639;sword throwing
2640;norse
2641;fame
2642;buttocks
2643;reflection
2644;tragedy
2645;meadhall
2646;dark ages
2647;500s
2648;mutilation
2649;viking
2650;seductress
2651;mythology
2652;torn in half
2653;character name in title
2665;devil
2666;soul
2667;england
2668;spaniard
2669;monastery
2670;puritan
2671;fratricide
2672;disowned
2673;father son reunion
2674;mercy killing
2675;sorcery
2676;brother vs brother
2677;masked villain
2678;threatened with a knife
2679;golden coins
2680;gash in the face
2681;pagan
2682;drifter
2683;scar
2684;stabbed through the chest
2685;16th century
2686;union jack
2687;pit
2688;cloak
2689;traveller
2690;body marking
2691;animated credits
2692;dead child
2693;walking through fire
2694;human in a cage
2695;death of brother
2696;murder of family
2697;neck breaking
2698;gothic horror
2699;knife in the chest
2700;grim reaper
2701;inn
2702;hanged body
2703;horse drawn carriage
2704;demonic possession
2705;deal with the devil
2706;scottish accent
2707;hole in hand
2708;frozen lake
2709;1550s
2710;giant monster
2711;pile of gold
2712;closing credits sequence
2713;cloak and dagger
2714;stabbed through back
2715;hat
2716;british
2717;kidnapped girl
2718;dark past
2719;horse chase
2720;prince
2721;axe in the chest
2722;axe murder
2723;lord
2724;eyes blown out
2725;pushed from height
2726;epilogue
2727;revelation
2728;patricide
2729;river
2730;crucifixion
2731;reverse footage
2732;evil spirit
2733;crucifix
2734;evil versus evil
2735;brother against brother
2736;scars on back
2737;death of family
2738;ship captain
2739;1600s
2740;long haired male
2741;religion
2742;blood on camera lens
2743;bible
2744;abbey
2745;rainstorm
2746;based on pulp magazine
2747;undead
2748;mud
2749;last words
2750;wilhelm scream
2751;burning village
2752;monk
2753;head chopped off
2754;healer
2755;flaming sword
2756;self mutilation
2757;locket
2758;scroll
2759;north africa
2760;covered wagon
2761;murder of a child
2762;dreadlocks
2763;elizabethan era
2764;tent
2765;death of son
2766;independent film
2781;suspect
2782;hungarian
2783;hijacking
2784;criminal mastermind
2785;reference to albert einstein
2786;killed in an elevator
2787;lighter
2788;loss of daughter
2789;limping
2790;world trade center
2791;notice board
2792;loss of family
2793;reference to lee harvey oswald
2794;limp
2795;prison
2796;multiple endings
2797;funny accent
2798;law
2799;shot in back
2800;dock
2801;gold cigarette lighter
2802;unreliable flashback
2803;ship fire
2804;translator
2805;slitting the throat of a child
2806;unreliable narration
2807;breaking a car windshield
2808;stream of fire
2809;criminal fence
2810;emerald
2811;mystery man
2812;reference to loch ness monster
2813;fax machine
2814;car fire
2815;thieves falling out
2816;drug lord
2817;boy
2818;lifting an adult into the air
2819;masked criminal
2820;gasoline
2821;mind game
2822;checking watch
2823;urinating on a fire
2824;realization
2825;german shepherd
2826;lifting a male into the air
2827;sibling
2828;reference to pope john paul ii
2829;third degree burns
2830;mystery villain
2831;hundred dollar bill
2832;heist gone wrong
2833;cargo ship
2834;sitting
2835;wooden crate
2836;harbor
2837;mechanic
2838;bulletin board
2839;police badge
2840;cigarette smoking
2841;weapon
2842;watch
2843;murder of wife
2844;mp5
2845;lighting a cigarette
2846;dead body in water
2847;boeing 747
2848;woman lawyer
2849;multiple actors playing same role
2850;black mask
2851;irony
2852;burying a body
2853;relative
2854;pretending not to be leader
2855;pool hall
2856;cityscape
2857;box of money
2858;murder in elevator
2859;car
2860;reference to elvis presley
2861;dirty cop
2862;year 1981
2863;world trade center manhattan new york city
2864;hiding
2865;turkish mafia
2866;secret character
2867;locked in jail
2868;cerebral palsy
2869;myth
2870;billiard table
2871;burnt body
2872;three word title
2873;automobile
2874;police sketch artist
2875;paint shaker
2876;evil
2877;anonymous telephone call
2878;recruiting
2879;murder of daughter
2880;homoerotic
2881;camera shot of feet
2882;customs
2883;1990s
2884;loss of child
2898;train station
2899;train
2900;clock
2901;automaton
2902;mechanical man
2903;secret
2904;toy
2905;french filmmaking
2906;toy mouse
2907;tools
2908;child
2909;camera
2910;death of uncle
2911;french film academy
2912;spotlight
2913;merry go round
2914;tears
2915;reference to the lumiere brothers
2916;eiffel tower paris
2917;photographer
2918;applause
2919;apprentice
2920;palace of glass
2921;holding hands
2922;oil can
2923;capture
2924;steam
2925;kiss on the cheek
2926;pastry
2927;reference to douglas fairbanks
2928;reference to neverland
2929;post world war one
2930;actor
2931;world war one
2932;fake dragon
2933;reference to david copperfield the novel
2934;clockwork
2935;theatre audience
2936;cafe
2937;circular staircase
2938;toy soldier
2939;being followed
2940;looking through a keyhole
2941;clock tower
2942;child's point of view
2943;standing on a chair
2944;uncle nephew relationship
2945;telephone
2946;theatre
2947;dog biting someone's pant leg
2948;reference to oz
2949;dead brother
2950;film restoration
2951;reference to charley chase
2952;toy store
2953;underfoot shot
2954;reason for living
2955;montage
2956;destroying property
2957;film director
2958;shoe heel
2959;winding a clock
2960;wicker basket
2961;author
2962;embarrassment
2963;writing
2964;pleading with praying hands
2965;year 1895
2966;godfather goddaughter relationship
2967;following someone
2968;saving a life
2969;reference to jean valjean
2970;sliding down a pole
2971;filmmaking
2972;counting steps as ascending
2973;smelling a flower
2974;gears
2975;loudspeaker
2976;dropping a wrench
2977;graveyard
2978;nightshirt
2979;film preservation
2980;drawings floating in the air
2981;doberman pinscher
2982;drawing
2983;sliding between someone's legs
2984;movie poster
2985;godmother goddaughter relationship
2986;film historian
2987;message from dead father
2988;falling off a broken chair
2989;dancer
2990;broken chair
2991;flower lady
2992;girl trampled upon
2993;film projector
2994;shushing someone in a library
2995;name in title
2996;snowing
2997;notebook
2998;happiness
2999;policeman
3000;long underwear
3001;character says thank you
3002;fake beard
3003;train station guard
3004;wearing clothes in a bathtub
3005;purpose in life
3006;reference to christina rossetti
3007;climbing a wall
3008;picking a lock
3009;sense of time
3010;drink
3011;poetry
3012;card trick
3013;makeup
3014;silent movie
3015;doberman
3016;footlights
3017;reference to treasure island the novel
3018;book
3019;glass building
3020;toy repair
3021;bath
3022;boy on a ledge
3023;reference to hal roach
3024;pen
3025;reading
3026;enchanted castle
3027;train engine
3028;crying
3029;armoire
3030;reference to neptune
3031;muse
3032;scavenger
3033;flask
3034;magician's assistant
3035;hanging from a clock
3036;reference to harold lloyd
3037;reference to rudolph valentino
3038;silent filmmaking
3039;magic trick
3040;enigma
3041;dream within a dream within a dream
3042;mechanical heart
3043;machine
3044;reference to buster keaton
3045;reference to flanders
3046;falling
3047;film history
3048;watching a movie
3049;nightmare
3050;trust
3051;dead parents
3052;train wreck
3053;ladder
3054;dachshund
3055;train conductor
3056;street kid
3057;overhead shot
3058;reference to london england
3059;poet
3060;clockmaker
3061;3d
3062;hiding place
3063;croissant
3064;reference to robin hood the novel
3065;listening at a door
3066;drawings strewn across a floor
3067;caught on train tracks
3068;notre dame cathedral
3069;dragged by a train
3070;passion
3071;3 d
3072;movie theatre
3073;wind up toy
3074;reference to charlie chaplin
3075;seine river
3076;pocket watch
3077;film studio
3078;pursuit
3079;reference to jules verne
3080;film tinting
3081;reference to max linder
3082;cage
3083;ink
3084;sneaking into a movie
3085;lobster
3086;hand bill
3087;celluloid
3088;magician
3089;papers floating in the air
3090;falling into a bass fiddle
3091;musician
3092;carousel
3093;papers strewn across a floor
3094;train tracks
3095;dead body
3096;sideshow
3097;photography
3098;slide
3099;demitasse
3100;dog in love
3101;mechanical dragon
3102;bookstore
3103;train crashes into a train station
3104;traveling circus
3105;death of father
3114;ransom
3115;money
3116;minnesota
3117;fargo north dakota
3118;metafiction
3119;pancakes
3120;police arrest
3121;broken tv
3122;balancing family and career
3123;child swearing
3124;shooting a girl
3125;tv dinner
3126;biting
3127;small town americana
3128;playacting
3129;airport
3130;remorse
3131;pregnancy
3132;pregnant policewoman
3133;misperception
3134;engine trouble
3135;belt
3136;expectant mother
3137;car won't start
3138;cabin
3139;stolen license plate
3140;winter
3141;small town stereotype
3142;paul bunyan
3143;expectant father
3144;pastiche
3145;bruise
3146;unintended consequences
3147;lie
3148;pancake house
3149;liar
3150;false promise of the american dream
3151;devoted couple
3152;reference to mcdonald's
3153;prostitute
3154;hyperrealism
3155;north dakota
3156;tied up
3157;banker
3158;reality vs fantasy
3159;native american
3160;greed
3161;psychopath
3162;stopped by police
3163;car salesman
3164;running into a tree
3165;based on supposedly true story
3166;tall tale
3167;dumb criminal
3168;dual protagonist
3169;painter
3170;bismarck north dakota
3171;hooded victim
3172;tragic event
3173;anger
3174;pregnant wife
3175;rural setting
3176;bartender
3177;television
3178;norwegian american
3179;failure to communicate
3180;police car
3181;rage
3182;married to a police officer
3183;blurred boundaries
3184;perception
3185;botched crime
3186;middle america
3187;trickster
3188;farce
3189;body in a chipper
3190;marlboro man
3191;alienation
3192;artist
3193;buffet
3194;pregnant police officer
3195;crime scene
3196;policewoman killing
3197;shower curtain
3198;feminist
3199;body in a trunk
3200;ripping a telephone from the wall
3201;breaking and entering
3202;lifting a female into the air
3203;death threat
3204;double
3205;witness
3206;stolen car
3207;playboy magazine
3208;kicked in the face
3209;banality
3210;fast food
3211;alienated sexuality
3212;depravity
3213;knitting
3214;inner turmoil
3215;minneapolis minnesota
3216;secluded
3217;earthworm
3218;innocent person killed
3219;swedish american
3220;pair of killers
3221;breaking a glass window
3222;escort
3223;man cooking for woman
3224;overturning car
3225;accountant
3226;playing pool
3227;car dealer
3228;ice hockey
3229;ransom money
3230;deceit
3231;man in underwear
3232;pay phone
3233;hiding in a bathroom
3234;crowbar
3235;mulching someone
3236;psychological disintegration
3237;native american man
3238;premarital sex
3239;morning sickness
3240;duplicity
3241;grand guignol
3242;siren
3243;ski mask
3244;dark comedy
3245;auto mechanic
3246;epistemology
3247;crush
3248;marital fidelity
3249;woodchipper
3250;role playing
3251;duality
3271;serial killer
3272;psychiatrist
3273;agent
3274;cannibal
3275;fbi trainee
3276;case file
3277;psychologist
3278;making a public plea for information
3279;entomologist
3280;transsexual
3281;lights suddenly go out
3282;elevator shaft
3283;orchestral music score
3284;mangina
3285;rookie cop
3286;mass murderer
3287;flirting
3288;smithsonian institution
3289;female senator
3290;female lead
3291;cocoon
3292;reference to barry manilow
3293;storage facility
3294;evil man
3295;funeral home
3296;anagram
3297;graduation
3298;traumatic childhood
3299;mental institution
3300;psychoanalysis
3301;sexual identity
3302;moth
3303;maniac
3304;bahamas
3305;academy
3306;female fbi agent
3307;character appears on tv
3308;door bell
3309;baltimore maryland
3310;mace spray
3311;murder of a police officer
3312;barking dog
3313;police officer bitten
3314;murderer
3315;wake
3316;animal in title
3317;jail break
3318;murder investigation
3319;singing along with radio
3320;suspense
3321;secret past
3322;based on ed gein
3323;wearing human skin
3324;slasher
3325;illinois
3326;escape from handcuffs
3327;bad guy
3328;semen
3329;police baton
3330;maximum security mental institution
3331;mace the repellent
3332;contemporary setting
3333;west virginia
3334;tv news
3335;senator's daughter
3336;bucket
3337;music box
3338;obstacle course
3339;police training
3340;human monster
3341;sewing
3342;body count
3343;childhood flashback
3344;mental illness
3345;skinning
3346;ambulance
3347;maryland
3348;terror
3349;water well
3350;unhappy childhood
3351;singing along with a record
3352;tragic heroine
3353;autopsy
3354;psychology
3355;strait jacket
3356;animal in cast credits
3357;small dog
3358;gay stereotype
3359;stuck in a well
3360;sadistic psychopath
3361;reference to hannibal lecter
3362;psycho thriller
3363;virginia
3364;night vision sequence
3365;fat girl
3366;disguised as police
3367;severed face
3368;object made of human skin
3369;object made of body part
3370;poodle dog
3371;chess
3372;head in a jar
3373;basement pit
3374;classical music
3375;handcuffs
3376;effeminacy
3377;drugstore
3378;anthropophagus
3379;ohio
3380;tragic past
3381;muzzle flash
3382;transvestism
3383;mace
3384;mass murder
3385;homosexuality
3386;moving furniture
3387;starvation
3388;memphis tennessee
3389;pet dog
3400;speech
3401;king george vi
3402;speech therapist
3403;britain
3404;speech impediment
3405;stammering
3406;abdication
3407;unlikely friendship
3408;australian
3409;monarchy
3410;declaration of war
3411;bromance
3412;reference to duchess of windsor
3413;gargling
3414;ends with text
3415;radio speech
3416;microphone
3417;house of windsor
3418;cigarette case
3419;self confidence
3420;apostrophe in title
3421;stuttering
3422;year 1939
3423;reference to adolf hitler
3424;royalty
3425;decorum
3426;british royal family
3427;male bonding
3428;pug dog
3429;death of king
3430;london england
3431;cigar smoking
3432;top hat
3433;radio broadcast
3434;scenario which perverts facts
3435;speech therapy
3436;voice recording
3437;christmas tree
3438;year 1934
3439;priggishness
3440;ex actor
3441;practicing a speech
3442;stutter
3443;therapist client relationship
3444;building model airplane
3445;duke of windsor
3446;marble
3447;disability
3448;title in title
3449;reference to neville chamberlain
3450;biplane
3451;protocol
3452;archbishop of canterbury
3453;prime minister
3454;london fog
3455;friendship between men
3456;compassion
3457;underdog
3458;empowerment
3465;oil
3466;land
3467;california
3468;prospector
3469;business
3470;preacher
3471;pipeline
3472;wealth
3473;twin
3474;single father
3475;turn of the century
3476;faith healer
3477;ear exam
3478;dynamite
3479;religious fanatic
3480;false promise
3481;lighting fuse
3482;child romance
3483;bride and groom
3484;butler
3485;1900s
3486;construction
3487;bludgeoning
3488;san francisco california
3489;quail
3490;oil rig
3491;set on fire
3492;goat
3493;tuberculosis
3494;oil well
3495;building collapse
3496;ambition
3497;drilling for oil
3498;business deal
3499;1920s
3500;oil derrick
3501;control freak
3502;american
3503;false prophet
3504;child uses gun
3505;cross
3506;confession
3507;unconsciousness
3508;pipe smoking
3509;backpack
3510;food
3511;arson
3512;bowling alley
3513;baby
3514;striking oil
3515;americana
3516;accidental death
3517;digging a grave
3518;minister
3519;tower
3520;experimental soundtrack
3521;great depression
3522;mining equipment
3523;dress
3524;sermon
3525;bowling ball
3526;religious intolerance
3527;train depot
3528;ice cream parlor
3529;missionary
3530;telescope
3531;song
3532;religious zealot
3533;sparks
3534;railroad track
3535;sinner
3536;child abandonment
3537;beaten to death with a bowling pin
3538;chain gang
3539;pick axe
3540;signature
3541;silver city new mexico
3542;milk
3543;threat
3544;underwear
3545;surrogate father
3546;diary
3547;child abuse
3548;flash forward
3549;mine
3550;gospel
3551;impotence
3552;villain played by lead actor
3553;loss of hearing
3554;pickaxe
3555;hymn
3556;capitalism
3557;port wyanimi california
3558;napkin
3559;farming
3560;oil tycoon
3561;sulphur
3562;price of fame
3563;oil gusher
3564;oil industry
3565;1910s
3566;surrogate son
3567;public speaking
3568;interpreter
3569;alcoholism
3570;deafness
3571;salvation
3572;falling off a ladder
3573;blasphemy
3574;exploration
3575;male slaps male
3576;renovation
3577;lifting male in air
3578;bowling pin
3579;camp
3580;horse and wagon
3581;map
3582;misanthrope
3583;passing out
3584;death in childbirth
3585;mining
3586;half brother
3587;fon du lac wisconsin
3588;arthritis
3589;same actor playing twin role
3590;business associate
3591;freak accident
3592;firewood
3593;childbirth
3594;competition
3595;spiritual healing
3596;evangelist
3597;superstition
3598;tool
3599;irrigation
3600;injury
3601;goat farmer
3602;sign language
3603;reference to jesus christ
3604;silver mine
3605;broken leg
3606;businessman
3607;twin brother
3608;signal hill california
3609;land grabbing
3610;alcoholic
3611;claim in title
3612;railway station
3613;1890s
3614;dragged by one's hair
3615;land surveying
3616;whistling
3617;pacific ocean
3618;quail hunting
3619;impostor
3620;loss of brother
3621;waiter
3622;matches
3623;actor shares first name with character
3632;margaret thatcher
3633;conservative party
3634;parliament
3635;falklands
3636;grocer
3637;british prime minister
3638;argentina
3639;female prime minister
3640;public service
3641;dementia
3642;dinner party
3643;political party
3644;british overseas territory
3645;political campaign
3646;war propaganda
3647;mp
3648;political leader
3649;year 1982
3650;stubbornness
3651;widow
3652;2000s
3653;right wing
3654;voice
3655;memoirs
3656;confusion
3657;foreign affairs
3658;befuddled
3659;public image
3660;international politics
3661;10 downing street
3662;election
3663;title directed by female
3664;military invasion
3665;number 10
3666;flashbacks
3667;female politician
3668;dead husband
3669;british politics
3670;baroness
3671;cold war
3672;falklands war
3673;mourning
3674;decline
3675;premier
3676;alzheimer's disease
3677;military junta
3678;born in 1925
3679;pearls
3691;treasury agent
3692;federal agent
3693;untouchable
3694;tax evasion
3695;prohibition
3696;baby carriage
3697;irish american
3698;shot through the mouth
3699;hit in the crotch
3700;jury
3701;speakeasy
3702;defenestration
3703;irish american cop
3704;end justifies the means
3705;switchblade
3706;chase on the roof
3707;cutting face while shaving
3708;newspaper
3709;white suit
3710;yawning
3711;money laundering
3712;bombing
3713;gun violence
3714;courtroom
3715;ledger
3716;firing range
3717;smuggling
3718;corrupt judge
3719;rule of law
3720;writing in blood
3721;prohibition repeal
3722;tax evader
3723;jury tampering
3724;staircase
3725;whiskey
3726;hit with a baseball bat
3727;police raid
3728;crime epic
3729;righteous rage
3730;roof chase
3731;reference to j. edgar hoover
3732;kicked in the crotch
3733;alley fight
3734;based on tv series
3735;suitcase
3736;year 1930
3737;illegal business
3738;g man
3739;fighting fire with fire
3740;rooftop chase
3741;social contract
3742;drum magazine
3743;u.s. treasury agent
3744;opera
3745;royal canadian mounted police
3746;yawn
3747;intimidation
3748;u.s. canadian border
3749;alcohol
3750;criminal justice
3751;lawlessness
3752;chicago illinois
3762;kansas
3763;truman capote
3764;harper lee
3765;holcomb kansas
3766;killer
3767;homosexual
3768;farmhouse
3769;interview
3770;prairie
3771;black american
3772;kansas supreme court
3773;medical dictionary
3774;coffin
3775;reference to breakfast at tiffany's the novel
3776;wheat
3777;reference to in cold blood the book
3778;telegram
3779;cherokee tribe
3780;hunger strike
3781;cherokee
3782;harness
3783;stepfather stepson relationship
3784;blindfold
3785;park
3786;capital punishment
3787;thank you speech
3788;journalism
3789;leg deformity
3790;standing ovation
3791;execution witness
3792;leg injury
3793;body search
3794;reference to richard avedon
3795;methodist
3796;noose
3797;death of sister
3798;brooklyn new york city
3799;grocery store
3800;aspirin
3801;death row
3802;eyeglasses
3803;year 1960
3804;multiple murder
3805;newspaper clipping
3806;hood
3807;fort leavenworth kansas
3808;leavenworth kansas
3809;prison warden
3810;teenage boy
3811;non fiction novel
3812;suicide watch
3813;reference to to kill a mockingbird the novel
3814;safe
3815;cell mate
3816;multiple homicide
3817;nursing
3818;new orleans louisiana
3819;suicide of brother
3820;stay of execution
3821;hug
3822;manuscript
3823;sketching
3824;bribe
3825;toy gun
3826;shackles
3827;jail cell
3828;no witnesses
3829;photo album
3830;costa brava spain
3831;scissors
3832;murder of mother
3833;false friend
3834;execution by hanging
3835;car rental
3836;farm
3837;legal appeal
3838;surrogate brother
3839;wheat field
3840;pornography
3841;lisp
3842;last breath
3843;lord's prayer
3844;bellcap
3845;guard
3846;public reading
3847;supreme court
3848;force feeding
3849;alabama
3850;spain
3851;tin cup
3852;frisking
3853;reference to sears roebuck
3854;publisher
3855;reversing charges on a telephone call
3856;spoon
3857;new yorker magazine
3858;feeding baby food
3859;suicide of sister
3860;new york times
3861;prison cell
3862;dressing gown
3863;rejected legal appeal
3864;eccentric
3865;magazine
3866;reading newspaper
3867;salon
3868;jail guard
3869;american midwest
3870;high school
3871;reference to walden
3872;gay lead character
3873;research assistant
3874;horn rimmed glasses
3875;taxi driver
3876;sorrow
3877;reference to elizabeth taylor
3878;reference to henry david thoreau
3879;leavenworth penitentiary
3880;reference to henri matisse
3881;limousine
3882;reference to humphrey bogart
3883;typewriter
3884;pain
3885;celebrity
3886;year 1959
3887;cook
3888;american indian
3889;murder of husband
3890;vanity
3891;flowers
3892;porter
3893;baby food
3894;pretending to be someone's friend
3895;student
3896;neighbor
3897;reporter
3898;reference to john huston
3899;pillow
3900;death by hanging
3901;prison guard
3902;funeral parlor
3903;prison visitation
3904;amigo
3905;penitentiary
3906;train compartment
3907;martini
3908;self portrait
3909;typing
3910;book reading
3911;reference to tennessee williams
3912;boyfriend boyfriend relationship
3913;insanity plea
3914;jail
3918;meet
3919;commercial
3920;japanese
3921;yale
3922;reference to joey bishop
3923;call girl
3924;culture clash
3925;wig
3926;language barrier
3927;culture shock
3928;one night stand
3929;airhead
3930;james bond spoof scene
3931;height
3932;billboard
3933;east west
3934;film star
3935;college graduate
3936;reference to the rat pack
3937;pool
3938;city traffic
3939;hooker
3940;shrine
3941;whispering
3942;x ray
3943;karaoke
3944;mini skirt
3945;fatigue
3946;world weariness
3947;housewife
3948;television commercial
3949;ennui
3950;reference to sean connery
3951;arcade game
3952;thong
3953;bare butt
3954;lounge singer
3955;translation
3956;yale university
3957;disorientation
3958;director
3959;video arcade
3960;foot injury
3961;see through panties
3962;may december romance
3963;hotel room
3964;nylons
3965;talk show host
3966;exotic dancing
3967;stockings
3968;jet lag
3969;kyoto japan
3970;erotic dancing
3971;long distance call
3972;sauna
3973;television broadcasting
3974;nude girl
3975;bb gun
3976;exotic dancer
3977;older man younger woman relationship
3978;pink panties
3979;travel
3980;orient
3981;arcade
3982;public nudity
3983;bride
3984;reference to dean martin
3985;oriental
3986;fictional talk show
3987;business trip
3988;advertisement
3989;boredom
3990;reference to roger moore
3991;tokyo japan
3992;scotch whisky
3993;midlife crisis
3994;nude
3995;tv show in film
3996;pachinko