id:ID(Movie);title;tagline;summary;poster_image;duration:int;rated
1;The Matrix;Welcome to the Real World.;Thomas A. Anderson is a man living two lives. By day he is an average computer programmer and by night a malevolent hacker known as Neo, who finds himself targeted by the police when he is contacted by Morpheus, a legendary computer hacker, who reveals the shocking truth about our reality.;http://image.tmdb.org/t/p/w185/gynBNzwyaHKtXqlEKKLioNkjKgN.jpg;136;R
28;The Matrix Reloaded;Free your mind.;Six months after the events depicted in The Matrix, Neo has proved to be a good omen for the free humans, as more and more humans are being freed from the matrix and brought to Zion, the one and only stronghold of the Resistance. Neo himself has discovered his superpowers including super speed, ability to see the codes of the things inside the matrix and a certain degree of pre-cognition. But a nasty piece of news hits the human resistance: 250,000 machine sentinels are digging to Zion and would reach them in 72 hours. As Zion prepares for the ultimate war, Neo, Morpheus and Trinity are advised by the Oracle to find the Keymaker who would help them reach the Source. Meanwhile Neo's recurrent dreams depicting Trinity's death have got him worried and as if it was not enough, Agent Smith has somehow escaped deletion, has become more powerful than before and has fixed Neo as his next target.;http://image.tmdb.org/t/p/w185/ezIurBz2fdUc68d98Fp9dRf5ihv.jpg;138;R
68;The Matrix Revolutions;Everything that has a beginning has an end.;The human city of Zion defends itself against the massive invasion of the machines as Neo fights to end the war at another front while also opposing the rogue Agent Smith.;http://image.tmdb.org/t/p/w185/sKogjhfs5q3azmpW7DFKKAeLEG8.jpg;129;R
82;Pulp Fiction;Just because you are a character doesn't mean you have character.;placeholder text;http://image.tmdb.org/t/p/w185/dM2w364MScsjFf8pfMbaWUcWrR.jpg;154;R
130;Cloud Atlas;Everything is Connected;placeholder text;http://image.tmdb.org/t/p/w185/k9gWDjfXM80iXQLuMvPlZgSFJgR.jpg;172;R
457;The Shawshank Redemption;Fear can hold you prisoner. Hope can set you free.;placeholder text;http://image.tmdb.org/t/p/w185/9O7gLzmreU0nGkIB6K3BsJbzvNv.jpg;142;R
471;The Godfather;An offer you can't refuse.;placeholder text;http://image.tmdb.org/t/p/w185/d4KNaTrltq6bpkFS01pYtyXa09m.jpg;175;R
496;The Godfather: Part II;I don't feel I have to wipe everybody out\, Tom. Just my enemies.;placeholder text;http://image.tmdb.org/t/p/w185/tHbMIIF51rguMNSastqoQwR0sBs.jpg;200;R
517;The Good\, the Bad and the Ugly;For three men the Civil War wasn't hell. It was practice.;placeholder text;http://image.tmdb.org/t/p/w185/8PD1dgf0kQHtRawoSxp1jFemI1q.jpg;161;R
532;The Dark Knight;Why So Serious?;placeholder text;http://image.tmdb.org/t/p/w185/1hRoyzDtpgMU7Dz4JF22RANzQO7.jpg;152;PG-13
564;The Dark Knight Rises;The Legend Ends;placeholder text;http://image.tmdb.org/t/p/w185/dEYnvnUfXrqvqeRSqvIEtmzhoA8.jpg;165;PG-13
598;Schindler's List;Whoever saves one life\, saves the world entire.;placeholder text;http://image.tmdb.org/t/p/w185/tvOvW7Qjj63zbQW5TZ8CjPThAUd.jpg;195;R
615;12 Angry Men;Life is in their hands. Death is on their minds.;placeholder text;http://image.tmdb.org/t/p/w185/wvlFtIwh0GIqHRAz9F5cCch2IJD.jpg;96;NR
641;The Lord of the Rings: The Return of the King;The eye of the enemy is moving.;Aragorn is revealed as the heir to the ancient kings as he, Gandalf and the other members of the broken fellowship struggle to save Gondor from Sauron's forces. Meanwhile, Frodo and Sam bring the ring closer to the heart of Mordor, the dark lord's realm.;http://image.tmdb.org/t/p/w185/50LoR9gJhbWZ5PpoHgi8MNTYgzd.jpg;201;PG-13
681;Fight Club;How much can you know about yourself if you've never been in a fight?;placeholder text;http://image.tmdb.org/t/p/w185/2lECpi35Hnbpa4y46JX0aY3AWTy.jpg;139;R
698;The Lord of the Rings: The Fellowship of the Ring;One ring to rule them all;Young hobbit Frodo Baggins, after inheriting a mysterious ring from his uncle Bilbo, must leave his home in order to keep it from falling into the hands of its evil creator. Along the way, a fellowship is formed to protect the ringbearer and make sure that the ring arrives at its final destination: Mt. Doom, the only place where it can be destroyed.;http://image.tmdb.org/t/p/w185/9HG6pINW1KoFTAKY3LdybkoOKAm.jpg;178;PG-13
710;Star Wars: Episode V - The Empire Strikes Back;The Adventure Continues...;placeholder text;http://image.tmdb.org/t/p/w185/6u1fYtxG5eqjhtCPDx04pJphQRW.jpg;124;PG
737;Inception;Your mind is the scene of the crime.;placeholder text;http://image.tmdb.org/t/p/w185/tAXARVreJnWfoANIHASmgYk4SB0.jpg;148;PG-13
750;One Flew Over the Cuckoo's Nest;If he's crazy\, what does that make you?;placeholder text;http://image.tmdb.org/t/p/w185/srr59GKJdDXPwnWlew9NoYfOvYV.jpg;133;R
770;Forrest Gump;The world will never be the same\, once you've seen it through the eyes of Forrest Gump.;A man with a low IQ has accomplished great things in his life and been present during significant historic events - in each case, far exceeding what anyone imagined he could do. Yet, despite all the things he has attained, his one true love eludes him. 'Forrest Gump' is the story of a man who rose above his challenges, and who proved that determination, courage, and love are more important than ability.;http://image.tmdb.org/t/p/w185/z4ROnCrL77ZMzT0MsNXY5j25wS2.jpg;142;PG-13
781;Goodfellas;Three Decades of Life in the Mafia.;placeholder text;http://image.tmdb.org/t/p/w185/pwpGfTImTGifEGgLb3s6LRPd4I6.jpg;146;R
797;The Lord of the Rings: The Two Towers;A New Power Is Rising.;Frodo and Sam are trekking to Mordor to destroy the One Ring of Power while Gimli, Legolas and Aragorn search for the orc-captured Merry and Pippin. All along, nefarious wizard Saruman awaits the Fellowship members at the Orthanc Tower in Isengard.;http://image.tmdb.org/t/p/w185/9mBjBuUmBBgnGjV1JZ2uCIYbaph.jpg;179;PG-13
805;Star Wars: Episode IV - A New Hope;A long time ago in a galaxy far\, far away...;Princess Leia is captured and held hostage by the evil Imperial forces in their effort to take over the galactic Empire. Venturesome Luke Skywalker and dashing captain Han Solo team together with the loveable robot duo R2-D2 and C-3PO to rescue the beautiful princess and restore peace and justice in the Empire.;http://image.tmdb.org/t/p/w185/tvSlBzAdRE29bZe5yYWrJ2ds137.jpg;121;PG
1096;3 Days to Kill;amazing killing time;placeholder text;http://image.tmdb.org/t/p/w185/53pam1GAosXwOjefCEVNjYTvy6j.jpg;113;PG-13
1097;300: Rise of an Empire;Amazing killing time;placeholder text;http://image.tmdb.org/t/p/w185/hrOMW22FV86te7uLyRnp3Z6Nv6e.jpg;0;R
1118;American Hustle;Everyone Hustles To Survive;placeholder text;http://image.tmdb.org/t/p/w185/mhB7C62lSMpGO2HYNaW6d7W3TVH.jpg;138;R
1241;Frozen;Amazing killing time;placeholder text;http://image.tmdb.org/t/p/w185/qb4ls8KzTJMFPEwNOfM7FotfC4Y.jpg;102;PG
1293;Gravity;Don't Let Go;placeholder text;http://image.tmdb.org/t/p/w185/2gPjLWIyrWlAn2DgKMOKTBnZYyO.jpg;91;PG-13
1356;The Monuments Men;It was the greatest art heist in history;placeholder text;http://image.tmdb.org/t/p/w185/lhCUqVEPA3MMxnV8QTeVBTmRrP4.jpg;118;PG-13
1366;The LEGO Movie;Assembling in 2014;placeholder text;http://image.tmdb.org/t/p/w185/lMHbadNmznKs5vgBAkHxKGHulOa.jpg;100;PG
1412;RoboCop;We've got the future under control.;placeholder text;http://image.tmdb.org/t/p/w185/hFQcC5eSSHqJfk70RdgrMMxGuYt.jpg;102;PG-13
1550;Her;Amazing killing time;placeholder text;http://image.tmdb.org/t/p/w185/8f8Hisd36IN8jN1OpKxsxRu8i57.jpg;126;R
1596;Dallas Buyers Club;Dare to Live;placeholder text;http://image.tmdb.org/t/p/w185/ecb5z7VGKjfSQLPMwt1FOiPE5V0.jpg;117;R
1693;12 Years a Slave;The extraordinary true story of Solomon Northup;placeholder text;http://image.tmdb.org/t/p/w185/kb3X943WMIJYVg4SOAyK0pmWL5D.jpg;134;R
1768;Elysium;Amazing killing time;placeholder text;http://image.tmdb.org/t/p/w185/tHkjoAxmhp3Eau1h0Ir7maKMwUz.jpg;109;R
1856;Epic;Discover a world beyond your imagination;placeholder text;http://image.tmdb.org/t/p/w185/fdXA81BOdZ3pEyBlY8UUvuJj136.jpg;102;PG
1935;The Croods;Meet the first modern family.;placeholder text;http://image.tmdb.org/t/p/w185/mo4WQxBxs6IU7fmkIOyMOLyG3qq.jpg;98;PG
2008;Mr. Peabody & Sherman;Amazing killing time;placeholder text;http://image.tmdb.org/t/p/w185/qnmYfaopf7xJwLgVjeTdgZ4nI0v.jpg;92;PG
2055;The Avengers;Some assembly required.;placeholder text;http://image.tmdb.org/t/p/w185/cezWGskPY5x7GaglTTRN4Fugfb8.jpg;143;PG-13
2232;Hansel & Gretel: Witch Hunters;Classic tale. New twist.;placeholder text;http://image.tmdb.org/t/p/w185/yDIVWFJqFLIeS8E1R6GG9uwPMS3.jpg;88;R
2398;The Lorax;Meet The Original Force Of Nature;placeholder text;http://image.tmdb.org/t/p/w185/6FuYtjegxaUv7n7C733hUEOQytR.jpg;86;PG
2422;Mulan;This time\, the princess saves the prince.;placeholder text;http://image.tmdb.org/t/p/w185/ztD0iLfeyESQZV95GwPeSE3Uyqn.jpg;88;G
2498;Beowulf;Evil breeds pain.;placeholder text;http://image.tmdb.org/t/p/w185/j90lLkvlcPNL6VVoLGQ0yzPUfJV.jpg;115;PG-13
2654;Solomon Kane;Fight evil... With evil.;placeholder text;http://image.tmdb.org/t/p/w185/n5SHBE4ulsDDVa9gYttUYwp1VZU.jpg;104;R
2767;The Usual Suspects;Five Criminals . One Line Up . No Coincidence.;placeholder text;http://image.tmdb.org/t/p/w185/jgJoRWltoS17nD5MAQ1yK2Ztefw.jpg;106;R
2885;Hugo;One of the most legendary directors of our time takes you on an extraordinary adventure.;placeholder text;http://image.tmdb.org/t/p/w185/fkeaJr29ypea1n24gzspsc7qK44.jpg;126;PG
3106;Fargo;A lot can happen in the middle of nowhere.;placeholder text;http://image.tmdb.org/t/p/w185/aZeX4XNSqa08TdMHRB1gDLO6GOi.jpg;98;R
3252;The Silence of the Lambs;To enter the mind of a killer she must challenge the mind of a madman.;placeholder text;http://image.tmdb.org/t/p/w185/qjAyTj2BSth1EQ89vNfo0JYVPFN.jpg;118;R
3390;The King's Speech;Find your voice.;placeholder text;http://image.tmdb.org/t/p/w185/v8M5Sytbut7vBXyZ1HDy8lUVVcB.jpg;118;R
3459;There Will Be Blood;There Will Be Greed. There Will Be Vengeance.;placeholder text;http://image.tmdb.org/t/p/w185/bFgqkuAFBHNuq0oTtewHwuLVWSO.jpg;158;R
3624;The Iron Lady;Never compromise;placeholder text;http://image.tmdb.org/t/p/w185/e67tal4u66eFz8yGnJGTO5FYRxY.jpg;105;PG-13
3680;The Untouchables;What are you prepared to do?;placeholder text;http://image.tmdb.org/t/p/w185/nv7FOs90Y3Cq5tBhEITEV8Zebyw.jpg;119;R
3753;Capote;In Cold Blood;placeholder text;http://image.tmdb.org/t/p/w185/bf3nxeLglBvXH5jAnMLmhc56muB.jpg;114;R
3915;Lost in Translation;Everyone wants to be found.;placeholder text;http://image.tmdb.org/t/p/w185/5T8VvuFTdaawKLJk34i69Utaw7o.jpg;102;R